ParticipantID,TrialNo,TrialID,Layout,Difficulty,AnswerAccuracy,ShootAccuracy,Card1SeenTime,Card2SeenTime,Card3SeenTime,Card4SeenTime,Card5SeenTime,Card1SelectTime,Card2SelectTime,Card3SelectTime,Card4SelectTime,Card5SelectTime
1,3,1,Flat,5,5,0,0.02056375,1.043617,3.376747,7.563129,7.574222,2.632453,3.954063,6.764203,10.83978,11.69521
1,4,2,Flat,5,5,1,0.02163619,0.7547898,0.9437185,1.777171,2.286937,4.309604,5.39789,8.118765,11.61717,12.70562
1,5,3,Flat,5,4,1,0.02039821,0.02039821,1.477299,1.621721,7.985432,3.798562,5.71976,6.730346,10.52864,12.37107
1,6,4,Flat,5,5,1,0.03322581,2.874522,3.018913,7.906592,7.917808,2.332547,5.640993,6.839355,11.45057,12.4168
1,7,5,Flat,5,3,2,0.6768906,1.821246,1.954549,6.540053,6.573525,3.098633,4.564502,5.630793,9.417693,10.37024
1,8,6,Flat,5,2,1,0.5184161,2.119833,2.242011,6.385649,6.397125,2.910161,4.542574,5.419789,9.473538,10.26208
1,9,7,Flat,5,0,2,0.02190662,1.687557,2.832358,3.042694,8.985044,2.465693,5.297805,7.863276,11.23939,12.49439
1,10,8,Flat,5,3,3,0.02186813,2.784515,3.039438,7.238134,7.26038,2.129649,5.65906,6.516387,10.32553,11.05845
