ParticipantID,TrialNo,TrialID,Layout,Difficulty,AnswerAccuracy,ShootAccuracy,Card1SeenTime,Card2SeenTime,Card3SeenTime,Card4SeenTime,Card5SeenTime,Card1SelectTime,Card2SelectTime,Card3SelectTime,Card4SelectTime,Card5SelectTime
3,3,1,Flat,5,2,0,0.02312311,1.268456,1.311774,5.798259,6.719573,12.49659,13.56866,16.32698,19.72477,23.99007
3,4,2,Flat,5,5,4,0.02586212,0.9086891,1.097791,3.099216,3.310446,10.40701,11.62901,12.96102,15.47119,16.63779
3,5,3,Flat,5,5,1,0.8202069,0.9319696,9.462794,9.52912,9.596196,6.297483,7.663041,14.66026,15.7598,17.07743
3,6,4,Flat,5,2,4,0.02294859,0.9118429,1.012158,3.164079,3.632781,7.453495,8.95235,10.96292,12.73959,14.99444
3,7,5,Flat,5,4,3,0.531049,0.8103161,0.9093462,4.73253,4.911188,11.48411,13.07248,15.48288,16.89285,19.08104
3,8,6,Flat,5,3,4,0.02057529,1.046016,1.066462,2.766009,2.843324,10.11799,12.36121,16.26024,18.22497,19.53622
3,9,7,Flat,5,5,2,0.6330482,0.900025,0.9671279,3.210004,3.276998,11.06251,12.07286,15.14902,16.67062,17.47018
3,10,8,Flat,5,3,1,0.6890333,0.7900078,2.099638,2.199357,2.222444,6.129196,6.974967,11.15102,12.58172,13.66141
