{"cameraMode":{"drawMode":0,"name":"Shaded","section":"Shading Mode"},"sceneLighting":false,"audioPlay":false,"sceneViewState":{"showFog":false,"showMaterialUpdate":false,"showSkybox":false,"showFlares":false,"showImageEffects":false,"showParticleSystems":false},"in2DMode":false,"pivot":{"x":-0.8978924751281738,"y":1.2068613767623902,"z":7.775715351104736},"rotation":{"x":-0.06039588525891304,"y":0.10095510631799698,"z":-0.006081918720155954,"w":-0.9930751919746399},"size":12.37061595916748,"orthographic":false}