{"cameraMode":{"drawMode":0,"name":"Shaded","section":"Shading Mode"},"sceneLighting":true,"audioPlay":false,"sceneViewState":{"showFog":false,"showMaterialUpdate":false,"showSkybox":true,"showFlares":false,"showImageEffects":false,"showParticleSystems":false},"in2DMode":false,"pivot":{"x":2.7751243114471437,"y":-1.6559062004089356,"z":6.355250358581543},"rotation":{"x":-0.16661477088928224,"y":0.007979514077305794,"z":-0.0013371709501370788,"w":-0.9860032200813294},"size":11.086113929748536,"orthographic":false}