{"cameraMode":{"drawMode":0,"name":"Shaded","section":"Shading Mode"},"sceneLighting":true,"audioPlay":false,"sceneViewState":{"showFog":false,"showMaterialUpdate":false,"showSkybox":true,"showFlares":false,"showImageEffects":false,"showParticleSystems":false},"in2DMode":false,"pivot":{"x":0.17212051153182984,"y":-3.5214953422546388,"z":5.121926784515381},"rotation":{"x":-0.2991534173488617,"y":-0.023762399330735208,"z":0.0074638188816607,"w":-0.9538943767547607},"size":10.501741409301758,"orthographic":false}