{"cameraMode":{"drawMode":0,"name":"Shaded","section":"Shading Mode"},"sceneLighting":true,"audioPlay":false,"sceneViewState":{"showFog":false,"showMaterialUpdate":false,"showSkybox":true,"showFlares":false,"showImageEffects":false,"showParticleSystems":false},"in2DMode":false,"pivot":{"x":-0.8347117304801941,"y":0.13439509272575379,"z":8.465496063232422},"rotation":{"x":-0.1658635288476944,"y":0.06266824156045914,"z":-0.010548518970608712,"w":-0.9841216206550598},"size":10.188772201538086,"orthographic":false}