{"cameraMode":{"drawMode":0,"name":"Shaded","section":"Shading Mode"},"sceneLighting":false,"audioPlay":false,"sceneViewState":{"showFog":false,"showMaterialUpdate":false,"showSkybox":false,"showFlares":false,"showImageEffects":false,"showParticleSystems":false},"in2DMode":false,"pivot":{"x":-6.784602642059326,"y":-4.3484883308410648,"z":0.2001943588256836},"rotation":{"x":-0.1886049509048462,"y":0.5490014553070068,"z":-0.12876538932323457,"w":-0.8040367960929871},"size":12.656785011291504,"orthographic":false}