{"cameraMode":{"drawMode":0,"name":"Shaded","section":"Shading Mode"},"sceneLighting":true,"audioPlay":false,"sceneViewState":{"showFog":false,"showMaterialUpdate":false,"showSkybox":true,"showFlares":false,"showImageEffects":false,"showParticleSystems":false},"in2DMode":false,"pivot":{"x":-0.12232539057731629,"y":-1.3149094581604005,"z":11.4332857131958},"rotation":{"x":0.11076770722866059,"y":-0.008944491855800152,"z":0.0009969357633963228,"w":0.9938052296638489},"size":15.236919403076172,"orthographic":false}