{"cameraMode":{"drawMode":0,"name":"Shaded","section":"Shading Mode"},"sceneLighting":true,"audioPlay":false,"sceneViewState":{"showFog":false,"showMaterialUpdate":false,"showSkybox":true,"showFlares":false,"showImageEffects":false,"showParticleSystems":false},"in2DMode":false,"pivot":{"x":-0.08809742331504822,"y":-0.7440366744995117,"z":-0.05036020278930664},"rotation":{"x":0.0074650938622653488,"y":-0.872442901134491,"z":0.48849907517433169,"w":0.013352296315133572},"size":7.023451328277588,"orthographic":false}