{"cameraMode":{"drawMode":0,"name":"Shaded","section":"Shading Mode"},"sceneLighting":false,"audioPlay":false,"sceneViewState":{"showFog":false,"showMaterialUpdate":false,"showSkybox":false,"showFlares":false,"showImageEffects":false,"showParticleSystems":false},"in2DMode":false,"pivot":{"x":3.7104475498199465,"y":0.023692967370152475,"z":0.8093411922454834},"rotation":{"x":1.079670397530208e-7,"y":-0.5956674218177795,"z":5.121355002302153e-7,"w":-0.8032358288764954},"size":4.570322036743164,"orthographic":false}