{"cameraMode":{"drawMode":0,"name":"Shaded","section":"Shading Mode"},"sceneLighting":true,"audioPlay":false,"sceneViewState":{"showFog":false,"showMaterialUpdate":false,"showSkybox":true,"showFlares":false,"showImageEffects":false,"showParticleSystems":false},"in2DMode":false,"pivot":{"x":6.2071990966796879,"y":-13.430643081665039,"z":14.13305377960205},"rotation":{"x":-0.3472362458705902,"y":-0.21578380465507508,"z":0.08242782950401306,"w":-0.9088947176933289},"size":25.854475021362306,"orthographic":false}