{"cameraMode":{"drawMode":0,"name":"Shaded","section":"Shading Mode"},"sceneLighting":false,"audioPlay":false,"sceneViewState":{"showFog":false,"showMaterialUpdate":false,"showSkybox":false,"showFlares":false,"showImageEffects":false,"showParticleSystems":false},"in2DMode":false,"pivot":{"x":0.35640907287597659,"y":-1.7155108451843262,"z":4.9336771965026859},"rotation":{"x":-0.3971019685268402,"y":0.03929344564676285,"z":-0.016958853229880334,"w":-0.9168154001235962},"size":10.903329849243164,"orthographic":false}