{"cameraMode":{"drawMode":0,"name":"Shaded","section":"Shading Mode"},"sceneLighting":false,"audioPlay":false,"sceneViewState":{"showFog":false,"showMaterialUpdate":false,"showSkybox":false,"showFlares":false,"showImageEffects":false,"showParticleSystems":false},"in2DMode":false,"pivot":{"x":5.982381343841553,"y":4.894167423248291,"z":-18.22187042236328},"rotation":{"x":0.2930009961128235,"y":-0.020072003826498987,"z":0.006163947284221649,"w":0.9558945894241333},"size":0.6212238073348999,"orthographic":false}