{"cameraMode":{"drawMode":0,"name":"Shaded","section":"Shading Mode"},"sceneLighting":false,"audioPlay":false,"sceneViewState":{"showFog":false,"showMaterialUpdate":false,"showSkybox":false,"showFlares":false,"showImageEffects":false,"showParticleSystems":false},"in2DMode":false,"pivot":{"x":-0.2085898220539093,"y":0.48177939653396609,"z":-0.09388235211372376},"rotation":{"x":-0.03815748170018196,"y":0.29155564308166506,"z":-0.011622640304267407,"w":-0.9557374119758606},"size":2.857883930206299,"orthographic":false}