{"cameraMode":{"drawMode":0,"name":"Shaded","section":"Shading Mode"},"sceneLighting":true,"audioPlay":false,"sceneViewState":{"showFog":false,"showMaterialUpdate":false,"showSkybox":true,"showFlares":false,"showImageEffects":false,"showParticleSystems":false},"in2DMode":false,"pivot":{"x":-6.170561790466309,"y":-4.096520900726318,"z":-16.43610382080078},"rotation":{"x":0.021873584017157556,"y":-0.9768590331077576,"z":0.12314217537641525,"w":0.17351925373077393},"size":19.271453857421876,"orthographic":false}