{"cameraMode":{"drawMode":0,"name":"Shaded","section":"Shading Mode"},"sceneLighting":true,"audioPlay":false,"sceneViewState":{"showFog":true,"showMaterialUpdate":true,"showSkybox":true,"showFlares":true,"showImageEffects":true,"showParticleSystems":true},"in2DMode":false,"pivot":{"x":0.12376242876052857,"y":1.179715871810913,"z":0.8935034275054932},"rotation":{"x":0.2601871192455292,"y":0.03618882969021797,"z":-0.009795163758099079,"w":0.9648689031600952},"size":4.493064880371094,"orthographic":false}