{"cameraMode":{"drawMode":0,"name":"Shaded","section":"Shading Mode"},"sceneLighting":true,"audioPlay":false,"sceneViewState":{"showFog":false,"showMaterialUpdate":false,"showSkybox":true,"showFlares":false,"showImageEffects":false,"showParticleSystems":false},"in2DMode":false,"pivot":{"x":-23.634672164916993,"y":-2.7668445110321047,"z":25.18060302734375},"rotation":{"x":0.07838095724582672,"y":-0.3802022337913513,"z":0.03235597908496857,"w":0.9210115671157837},"size":36.1459846496582,"orthographic":false}