{"cameraMode":{"drawMode":0,"name":"Shaded","section":"Shading Mode"},"sceneLighting":false,"audioPlay":false,"sceneViewState":{"showFog":false,"showMaterialUpdate":false,"showSkybox":false,"showFlares":false,"showImageEffects":false,"showParticleSystems":false},"in2DMode":false,"pivot":{"x":1.1794663667678834,"y":0.3220787048339844,"z":3.357611656188965},"rotation":{"x":-0.13440759479999543,"y":-0.11486371606588364,"z":0.01573106274008751,"w":-0.9841583371162415},"size":9.622736930847168,"orthographic":false}