{"cameraMode":{"drawMode":0,"name":"Shaded","section":"Shading Mode"},"sceneLighting":true,"audioPlay":false,"sceneViewState":{"showFog":false,"showMaterialUpdate":false,"showSkybox":true,"showFlares":false,"showImageEffects":false,"showParticleSystems":false},"in2DMode":false,"pivot":{"x":-5.5825114250183109,"y":-1.7398707866668702,"z":10.041565895080567},"rotation":{"x":0.1339140236377716,"y":-0.2079487144947052,"z":0.02875271439552307,"w":0.9685037136077881},"size":15.426443099975586,"orthographic":false}