{"cameraMode":{"drawMode":0,"name":"Shaded","section":"Shading Mode"},"sceneLighting":false,"audioPlay":false,"sceneViewState":{"showFog":false,"showMaterialUpdate":false,"showSkybox":false,"showFlares":false,"showImageEffects":false,"showParticleSystems":false},"in2DMode":false,"pivot":{"x":-5.813276767730713,"y":-1.3633803129196168,"z":3.6150546073913576},"rotation":{"x":-0.21941380202770234,"y":0.3926049768924713,"z":-0.09696204215288162,"w":-0.8879149556159973},"size":12.529236793518067,"orthographic":false}