{"cameraMode":{"drawMode":0,"name":"Shaded","section":"Shading Mode"},"sceneLighting":false,"audioPlay":false,"sceneViewState":{"showFog":true,"showMaterialUpdate":true,"showSkybox":false,"showFlares":true,"showImageEffects":true,"showParticleSystems":true},"in2DMode":false,"pivot":{"x":-0.08687260001897812,"y":1.173306941986084,"z":0.977320671081543},"rotation":{"x":-0.03688754141330719,"y":-0.008399510756134987,"z":0.0003472257230896503,"w":-0.9993187189102173},"size":4.916005611419678,"orthographic":false}