{"cameraMode":{"drawMode":0,"name":"Shaded","section":"Shading Mode"},"sceneLighting":false,"audioPlay":false,"sceneViewState":{"showFog":false,"showMaterialUpdate":false,"showSkybox":false,"showFlares":false,"showImageEffects":false,"showParticleSystems":false},"in2DMode":false,"pivot":{"x":0.28849995136260989,"y":-0.631511926651001,"z":2.2504231929779054},"rotation":{"x":-0.12325470894575119,"y":-0.12084756046533585,"z":0.015124527737498284,"w":-0.9848764538764954},"size":3.3703219890594484,"orthographic":false}