{"cameraMode":{"drawMode":0,"name":"Shaded","section":"Shading Mode"},"sceneLighting":true,"audioPlay":false,"sceneViewState":{"showFog":false,"showMaterialUpdate":false,"showSkybox":true,"showFlares":false,"showImageEffects":false,"showParticleSystems":false},"in2DMode":false,"pivot":{"x":3.5317256450653078,"y":-0.9118092060089111,"z":16.890092849731447},"rotation":{"x":0.0677090659737587,"y":0.13575883209705354,"z":-0.00929900724440813,"w":0.9883851408958435},"size":22.26753807067871,"orthographic":false}