{"cameraMode":{"drawMode":0,"name":"Shaded","section":"Shading Mode"},"sceneLighting":true,"audioPlay":false,"sceneViewState":{"showFog":false,"showMaterialUpdate":false,"showSkybox":true,"showFlares":false,"showImageEffects":false,"showParticleSystems":false},"in2DMode":false,"pivot":{"x":-0.6122425198554993,"y":-0.8577420711517334,"z":10.931059837341309},"rotation":{"x":-0.11421100050210953,"y":0.014001644216477871,"z":-0.0015878011472523213,"w":-0.9933795928955078},"size":15.220081329345704,"orthographic":false}