{"cameraMode":{"drawMode":0,"name":"Shaded","section":"Shading Mode"},"sceneLighting":true,"audioPlay":false,"sceneViewState":{"showFog":false,"showMaterialUpdate":false,"showSkybox":true,"showFlares":false,"showImageEffects":false,"showParticleSystems":false},"in2DMode":false,"pivot":{"x":-0.3346448242664337,"y":-17.395240783691408,"z":-9.900927543640137},"rotation":{"x":0.0074650938622653488,"y":-0.872442901134491,"z":0.48849907517433169,"w":0.013352296315133572},"size":23.32408332824707,"orthographic":false}