{"cameraMode":{"drawMode":0,"name":"Shaded","section":"Shading Mode"},"sceneLighting":false,"audioPlay":false,"sceneViewState":{"showFog":false,"showMaterialUpdate":false,"showSkybox":false,"showFlares":false,"showImageEffects":false,"showParticleSystems":false},"in2DMode":false,"pivot":{"x":-6.677435398101807,"y":1.1312776803970338,"z":6.6719069480896},"rotation":{"x":-0.04205772653222084,"y":0.3102952837944031,"z":-0.013669959269464016,"w":-0.9496515989303589},"size":15.363436698913575,"orthographic":false}