{"cameraMode":{"drawMode":0,"name":"Shaded","section":"Shading Mode"},"sceneLighting":true,"audioPlay":false,"sceneViewState":{"showFog":false,"showMaterialUpdate":false,"showSkybox":true,"showFlares":false,"showImageEffects":false,"showParticleSystems":false},"in2DMode":false,"pivot":{"x":0.04594723507761955,"y":-2.3769114017486574,"z":7.653991222381592},"rotation":{"x":0.2502005398273468,"y":0.008713671006262303,"z":-0.0022520474158227445,"w":0.9681525230407715},"size":14.450862884521485,"orthographic":false}