{"cameraMode":{"drawMode":0,"name":"Shaded","section":"Shading Mode"},"sceneLighting":false,"audioPlay":false,"sceneViewState":{"showFog":false,"showMaterialUpdate":false,"showSkybox":false,"showFlares":false,"showImageEffects":false,"showParticleSystems":false},"in2DMode":false,"pivot":{"x":4.541470527648926,"y":5.8523736000061039,"z":-18.409812927246095},"rotation":{"x":0.2930009961128235,"y":-0.020072003826498987,"z":0.006163947284221649,"w":0.9558945894241333},"size":11.431538581848145,"orthographic":false}