{"cameraMode":{"drawMode":0,"name":"Shaded","section":"Shading Mode"},"sceneLighting":false,"audioPlay":false,"sceneViewState":{"showFog":true,"showMaterialUpdate":true,"showSkybox":false,"showFlares":true,"showImageEffects":true,"showParticleSystems":true},"in2DMode":false,"pivot":{"x":-1.1054202318191529,"y":-0.937464714050293,"z":2.197509765625},"rotation":{"x":-0.3848841190338135,"y":0.15855589509010316,"z":-0.06727251410484314,"w":-0.906794548034668},"size":5.419653415679932,"orthographic":false}