{"cameraMode":{"drawMode":0,"name":"Shaded","section":"Shading Mode"},"sceneLighting":true,"audioPlay":false,"sceneViewState":{"showFog":false,"showMaterialUpdate":false,"showSkybox":true,"showFlares":false,"showImageEffects":false,"showParticleSystems":false},"in2DMode":false,"pivot":{"x":2.1618804931640627,"y":-15.598474502563477,"z":-12.726449966430664},"rotation":{"x":-0.02616618573665619,"y":-0.8791459798812866,"z":0.47337067127227785,"w":-0.0485755056142807},"size":28.154756546020509,"orthographic":false}