{"cameraMode":{"drawMode":0,"name":"Shaded","section":"Shading Mode"},"sceneLighting":true,"audioPlay":false,"sceneViewState":{"showFog":false,"showMaterialUpdate":false,"showSkybox":true,"showFlares":false,"showImageEffects":false,"showParticleSystems":false},"in2DMode":false,"pivot":{"x":-1.157005786895752,"y":0.15895771980285645,"z":7.375801086425781},"rotation":{"x":-0.11022309213876724,"y":0.15939529240131379,"z":-0.01789722591638565,"w":-0.9808943271636963},"size":10.635793685913086,"orthographic":false}