{"cameraMode":{"drawMode":0,"name":"Shaded","section":"Shading Mode"},"sceneLighting":true,"audioPlay":false,"sceneViewState":{"showFog":true,"showMaterialUpdate":true,"showSkybox":true,"showFlares":true,"showImageEffects":true,"showParticleSystems":true},"in2DMode":false,"pivot":{"x":-4.207203388214111,"y":0.25202131271362307,"z":4.699875831604004},"rotation":{"x":-0.11348573863506317,"y":0.3362973928451538,"z":-0.040826551616191867,"w":-0.9340364933013916},"size":7.7522501945495609,"orthographic":false}