{"cameraMode":{"drawMode":0,"name":"Shaded","section":"Shading Mode"},"sceneLighting":false,"audioPlay":false,"sceneViewState":{"showFog":false,"showMaterialUpdate":false,"showSkybox":false,"showFlares":false,"showImageEffects":false,"showParticleSystems":false},"in2DMode":false,"pivot":{"x":0.8161203861236572,"y":-0.5483537316322327,"z":2.019524097442627},"rotation":{"x":-0.13112543523311616,"y":-0.26481735706329348,"z":0.03637457638978958,"w":-0.9546521306037903},"size":2.77032208442688,"orthographic":false}