{"cameraMode":{"drawMode":0,"name":"Shaded","section":"Shading Mode"},"sceneLighting":true,"audioPlay":false,"sceneViewState":{"showFog":false,"showMaterialUpdate":false,"showSkybox":true,"showFlares":false,"showImageEffects":false,"showParticleSystems":false},"in2DMode":false,"pivot":{"x":-0.8710522055625916,"y":-1.9822015762329102,"z":6.0309271812438969},"rotation":{"x":-0.22828201949596406,"y":0.026861120015382768,"z":-0.006289398297667503,"w":-0.9732182621955872},"size":10.635793685913086,"orthographic":false}