{"cameraMode":{"drawMode":0,"name":"Shaded","section":"Shading Mode"},"sceneLighting":false,"audioPlay":false,"sceneViewState":{"showFog":true,"showMaterialUpdate":true,"showSkybox":false,"showFlares":true,"showImageEffects":true,"showParticleSystems":true},"in2DMode":false,"pivot":{"x":-2.4617843627929689,"y":1.816481113433838,"z":0.11630535125732422},"rotation":{"x":-0.1171511858701706,"y":-0.44404637813568118,"z":0.05867420881986618,"w":-0.8864008188247681},"size":9.814119338989258,"orthographic":false}